# Labels,Labels,Labels,Labels,Labels,Energy (Hz)
# N,MF,d_pi(d0),d_plus(d0),d_minus(d0)
0,5,0.000000,0.000000,0.000000,-634816.606642
0,4,0.000000,0.000000,0.000000,-576707.344138
0,3,0.000000,0.000000,-0.000000,-511479.677792
0,2,-0.000000,0.000000,0.000000,-441303.665620
0,4,0.000000,0.000000,0.000000,-433486.045330
0,1,-0.000000,-0.000000,0.000000,-367602.384965
0,3,0.000000,0.000000,-0.000000,-357871.059384
0,-0,-0.000000,0.000000,-0.000000,-291279.753329
0,2,0.000000,0.000000,-0.000000,-274001.135831
0,3,-0.000000,0.000000,0.000000,-237758.985291
0,-1,-0.000000,-0.000000,-0.000000,-212928.384657
0,1,0.000000,-0.000000,-0.000000,-185888.793674
0,2,0.000000,-0.000000,-0.000000,-140285.911855
0,-2,-0.000000,-0.000000,-0.000000,-132954.515389
0,0,0.000000,-0.000000,0.000000,-95428.100105
0,2,-0.000000,0.000000,0.000000,-50955.209376
0,1,-0.000000,0.000000,0.000000,-33408.481874
0,-1,-0.000000,0.000000,-0.000000,-3485.390964
0,-0,0.000000,-0.000000,-0.000000,74524.889470
0,1,0.000000,-0.000000,0.000000,86051.474615
0,-2,0.000000,-0.000000,0.000000,89482.880177
0,-1,0.000000,0.000000,0.000000,182522.091533
0,-3,0.000000,0.000000,-0.000000,183208.298047
0,0,0.000000,-0.000000,-0.000000,217032.514851
0,-2,-0.000000,-0.000000,0.000000,290344.711055
0,-1,-0.000000,-0.000000,0.000000,344438.971767
0,-3,-0.000000,0.000000,-0.000000,397932.527124
0,-2,-0.000000,-0.000000,0.000000,469371.948625
0,-4,0.000000,-0.000000,0.000000,505279.222669
0,-3,0.000000,-0.000000,0.000000,592450.305763
0,-4,0.000000,-0.000000,-0.000000,714066.385503
0,-5,-0.000000,-0.000000,0.000000,834488.773205
1,5,0.533690,-0.000000,-0.000000,979598173.025970
1,4,-0.000000,0.000000,-0.343080,979643295.300842
1,4,0.000000,-0.000000,-0.391167,979686981.005000
1,3,0.000000,0.000000,-0.000000,979706214.460903
1,6,-0.000000,-0.577343,0.000000,979749379.407389
1,3,0.000000,-0.000000,-0.000000,979750343.393075
1,2,0.000000,0.000000,-0.000000,979778318.323575
1,5,0.134032,0.000000,-0.000000,979808749.456686
1,2,0.000000,0.000000,-0.000000,979820165.575130
1,3,-0.000000,-0.000000,-0.000000,979834909.517569
1,1,-0.000000,0.000000,-0.000000,979855878.155448
1,4,-0.000000,-0.000000,-0.009211,979873431.667333
1,1,-0.000000,0.000000,0.000000,979893299.250142
1,5,-0.174815,0.000000,-0.000000,979911241.365603
1,2,0.000000,0.000000,-0.000000,979917433.816002
1,-0,-0.000000,-0.000000,0.000000,979937124.478121
1,3,-0.000000,0.000000,-0.000000,979942920.168338
1,-0,-0.000000,-0.000000,0.000000,979968486.140934
1,4,0.000000,-0.000000,0.011566,979978088.369987
1,1,-0.000000,-0.000000,0.000000,980005942.903853
1,2,-0.000000,-0.000000,0.000000,980014725.488579
1,2,0.000000,0.000000,-0.000000,980016010.324220
1,-1,0.000000,0.000000,-0.000000,980021118.851660
1,4,-0.000000,0.000000,-0.118342,980026003.518712
1,-1,-0.000000,-0.000000,-0.000000,980045132.743813
1,3,0.000000,-0.000000,0.000000,980049532.906092
1,1,0.000000,-0.000000,-0.000000,980091710.386661
1,-0,-0.000000,-0.000000,0.000000,980096086.702221
1,3,0.000000,-0.000000,0.000000,980101054.912508
1,-2,0.000000,-0.000000,-0.000000,980107371.660380
1,-2,0.000000,-0.000000,0.000000,980122834.186801
1,4,0.000000,0.000000,0.219968,980124173.686275
1,2,-0.000000,0.000000,-0.000000,980128914.617015
1,1,-0.000000,-0.000000,-0.000000,980131822.524459
1,3,-0.000000,0.000000,0.000000,980166351.736564
1,0,0.000000,0.000000,0.000000,980169325.986785
1,2,-0.000000,-0.000000,0.000000,980184592.079086
1,-1,0.000000,-0.000000,-0.000000,980187010.944868
1,-3,-0.000000,-0.000000,-0.000000,980196320.221348
1,1,-0.000000,0.000000,0.000000,980215161.070422
1,3,0.000000,-0.000000,-0.000000,980227262.461631
1,2,0.000000,-0.000000,0.000000,980234717.219701
1,0,-0.000000,0.000000,0.000000,980244682.688313
1,-1,0.000000,-0.000000,0.000000,980248368.540271
1,1,0.000000,0.000000,0.000000,980273556.401060
1,-2,0.000000,-0.000000,0.000000,980278399.458209
1,2,-0.000000,-0.000000,-0.000000,980300249.966663
1,0,0.000000,0.000000,0.000000,980306114.768093
1,1,0.000000,-0.000000,-0.000000,980307799.772403
1,2,-0.000000,-0.000000,0.000000,980334261.146375
1,1,-0.000000,0.000000,0.000000,980352174.986476
1,-1,-0.000000,-0.000000,0.000000,980355067.487018
1,-0,-0.000000,-0.000000,0.000000,980365164.332982
1,-3,-0.000000,-0.000000,0.000000,980370101.029420
1,-1,-0.000000,0.000000,0.000000,980400502.339529
1,3,-0.000000,-0.000000,-0.000000,980402574.051959
1,1,-0.000000,-0.000000,0.000000,980422852.548674
1,0,-0.000000,0.000000,0.000000,980430878.989608
1,1,0.000000,-0.000000,0.000000,980444479.880816
1,-1,0.000000,0.000000,0.000000,980456356.532744
1,-4,-0.000000,0.000000,-0.000000,980462033.693736
1,-2,-0.000000,0.000000,-0.000000,980463763.596749
1,-0,-0.000000,0.000000,0.000000,980472927.227148
1,-2,0.000000,-0.000000,0.000000,980497994.123861
1,2,-0.000000,0.000000,-0.000000,980535293.040917
1,0,-0.000000,-0.000000,0.000000,980535788.827894
1,-2,-0.000000,0.000000,-0.000000,980546649.617793
1,-1,-0.000000,-0.000000,0.000000,980549708.380102
1,0,-0.000000,-0.000000,0.000000,980559617.969214
1,-3,0.000000,0.000000,-0.000000,980571204.168570
1,-1,0.000000,0.000000,0.000000,980596729.364843
1,-3,0.000000,0.000000,-0.000000,980634909.015008
1,-1,-0.000000,-0.000000,-0.000000,980643055.097341
1,1,0.000000,-0.000000,0.000000,980663816.861562
1,-2,-0.000000,-0.000000,-0.000000,980666753.562771
1,-1,-0.000000,-0.000000,0.000000,980676923.682471
1,-4,-0.000000,-0.000000,0.000000,980677659.047119
1,-2,0.000000,0.000000,0.000000,980721651.555261
1,-2,0.000000,0.000000,-0.000000,980747838.541695
1,-5,0.000000,-0.000000,0.000000,980783318.204127
1,-3,-0.000000,-0.000000,0.000000,980784053.391915
1,-0,0.000000,-0.000000,-0.000000,980789389.841039
1,-2,-0.000000,-0.000000,0.000000,980793822.455117
1,-3,-0.000000,-0.000000,0.000000,980844148.281485
1,-3,0.000000,0.000000,-0.000000,980852850.607395
1,-4,0.000000,0.000000,-0.000000,980903887.900738
1,-3,0.000000,0.000000,-0.000000,980909858.476579
1,-1,0.000000,0.000000,0.000000,980912707.198052
1,-4,-0.000000,-0.000000,0.000000,980973402.819100
1,-4,0.000000,0.000000,-0.000000,981025126.145714
1,-2,0.000000,0.000000,-0.000000,981034205.655271
1,-5,-0.000000,-0.000000,0.000000,981097258.164565
1,-5,0.000000,0.000000,-0.000000,981139862.942895
1,-3,-0.000000,-0.000000,-0.000000,981154180.300976
1,-6,0.000000,0.000000,0.000000,981220400.329754
1,-4,0.000000,-0.000000,-0.000000,981272840.260901
2,6,0.000000,0.000000,0.000000,2940322698.924539
2,5,0.000000,0.000000,0.000000,2940325216.935891
2,4,-0.000000,-0.000000,-0.000000,2940343753.275921
2,3,-0.000000,-0.000000,-0.000000,2940376462.834583
2,5,0.000000,0.000000,0.000000,2940388422.027280
2,4,0.000000,0.000000,-0.000000,2940391195.791451
2,3,0.000000,0.000000,-0.000000,2940423556.494684
2,2,-0.000000,-0.000000,0.000000,2940432743.679002
2,7,0.000000,0.000000,0.000000,2940454583.985958
2,4,0.000000,0.000000,-0.000000,2940458646.245046
2,3,0.000000,0.000000,-0.000000,2940459820.389467
2,2,0.000000,0.000000,0.000000,2940484746.557628
2,1,0.000000,0.000000,-0.000000,2940502714.462626
2,6,-0.000000,0.000000,-0.000000,2940512233.053302
2,2,-0.000000,0.000000,-0.000000,2940528363.491657
2,3,0.000000,0.000000,-0.000000,2940532093.671056
2,2,-0.000000,-0.000000,0.000000,2940541896.920645
2,1,0.000000,0.000000,-0.000000,2940555603.716663
2,5,0.000000,0.000000,0.000000,2940575369.638595
2,-0,-0.000000,-0.000000,0.000000,2940579971.053871
2,6,-0.000000,-0.000000,0.000000,2940596898.041673
2,1,-0.000000,-0.000000,-0.000000,2940602103.599618
2,2,0.000000,-0.000000,0.000000,2940607985.329684
2,1,-0.000000,-0.000000,0.000000,2940618981.067452
2,0,-0.000000,-0.000000,-0.000000,2940630480.768332
2,5,0.000000,0.000000,0.000000,2940633099.799489
2,3,0.000000,0.000000,-0.000000,2940642399.113893
2,4,-0.000000,0.000000,-0.000000,2940642745.301650
2,4,0.000000,0.000000,-0.000000,2940647123.327673
2,-1,-0.000000,0.000000,0.000000,2940661402.769745
2,5,0.000000,0.000000,0.000000,2940672068.249453
2,-0,-0.000000,-0.000000,0.000000,2940678533.291217
2,1,0.000000,0.000000,0.000000,2940685800.684081
2,1,-0.000000,0.000000,0.000000,2940701640.050282
2,4,0.000000,-0.000000,-0.000000,2940704509.367692
2,0,-0.000000,-0.000000,-0.000000,2940705377.611545
2,-1,-0.000000,0.000000,0.000000,2940707090.024647
2,2,-0.000000,0.000000,0.000000,2940715353.287676
2,3,-0.000000,0.000000,-0.000000,2940715697.989303
2,3,0.000000,0.000000,0.000000,2940723715.637167
2,-2,-0.000000,-0.000000,0.000000,2940745342.457096
2,-1,-0.000000,0.000000,0.000000,2940757207.960521
2,4,0.000000,-0.000000,0.000000,2940758288.289690
2,5,0.000000,0.000000,0.000000,2940759274.622473
2,0,-0.000000,-0.000000,-0.000000,2940765170.450035
2,-2,-0.000000,-0.000000,-0.000000,2940784852.183953
2,3,-0.000000,0.000000,-0.000000,2940785429.324242
2,2,0.000000,-0.000000,0.000000,2940792324.431916
2,-1,0.000000,-0.000000,-0.000000,2940793531.619250
2,1,0.000000,0.000000,-0.000000,2940798959.096114
2,2,-0.000000,0.000000,0.000000,2940803098.370432
2,4,0.000000,0.000000,-0.000000,2940808873.336178
2,2,-0.000000,0.000000,0.000000,2940816956.837027
2,-0,0.000000,0.000000,-0.000000,2940819119.964419
2,-3,0.000000,0.000000,0.000000,2940830576.181754
2,-2,-0.000000,0.000000,0.000000,2940838284.527079
2,-1,-0.000000,-0.000000,0.000000,2940845820.616670
2,3,0.000000,-0.000000,-0.000000,2940846335.220898
2,3,-0.000000,-0.000000,0.000000,2940851805.935680
2,-3,0.000000,0.000000,-0.000000,2940863796.155013
2,1,-0.000000,0.000000,0.000000,2940870995.565357
2,2,0.000000,0.000000,-0.000000,2940871816.502371
2,4,0.000000,0.000000,0.000000,2940876486.765520
2,-2,-0.000000,0.000000,-0.000000,2940882380.639683
2,0,-0.000000,0.000000,0.000000,2940888178.830663
2,1,-0.000000,0.000000,-0.000000,2940891272.184269
2,2,-0.000000,0.000000,-0.000000,2940914645.962430
2,-4,-0.000000,-0.000000,0.000000,2940915904.834135
2,3,-0.000000,-0.000000,-0.000000,2940916527.516097
2,1,0.000000,-0.000000,-0.000000,2940916536.146534
2,-1,0.000000,0.000000,0.000000,2940931173.015041
2,2,-0.000000,0.000000,0.000000,2940934969.513104
2,-0,-0.000000,-0.000000,-0.000000,2940950662.527411
2,1,-0.000000,-0.000000,0.000000,2940961331.334787
2,-3,-0.000000,-0.000000,0.000000,2940971585.908383
2,3,0.000000,-0.000000,0.000000,2940977492.222621
2,-1,-0.000000,0.000000,0.000000,2940980712.647806
2,0,0.000000,-0.000000,0.000000,2940983129.589368
2,2,-0.000000,0.000000,0.000000,2940986910.689139
2,1,0.000000,0.000000,0.000000,2940987995.918391
2,3,-0.000000,0.000000,0.000000,2941003111.474361
2,0,-0.000000,-0.000000,0.000000,2941010168.713377
2,1,-0.000000,0.000000,0.000000,2941022762.840370
2,2,0.000000,-0.000000,-0.000000,2941027962.715927
2,1,0.000000,0.000000,0.000000,2941029890.506614
2,0,0.000000,0.000000,-0.000000,2941034191.172916
2,-2,-0.000000,-0.000000,0.000000,2941040188.669806
2,-0,-0.000000,-0.000000,0.000000,2941053586.389824
2,-4,-0.000000,-0.000000,-0.000000,2941061008.387142
2,-2,-0.000000,0.000000,0.000000,2941075245.829655
2,-1,0.000000,0.000000,-0.000000,2941078295.414434
2,4,-0.000000,-0.000000,-0.000000,2941080326.164076
2,2,-0.000000,0.000000,0.000000,2941087228.097548
2,1,-0.000000,-0.000000,0.000000,2941107686.331103
2,0,0.000000,0.000000,0.000000,2941109775.122350
2,0,0.000000,0.000000,-0.000000,2941115542.830371
2,-1,-0.000000,-0.000000,-0.000000,2941126220.833322
2,2,-0.000000,0.000000,0.000000,2941131858.419129
2,1,0.000000,-0.000000,0.000000,2941141972.618192
2,-3,0.000000,0.000000,0.000000,2941147174.914577
2,-1,-0.000000,0.000000,0.000000,2941149128.674883
2,0,-0.000000,0.000000,0.000000,2941149340.911432
2,-5,-0.000000,-0.000000,0.000000,2941150584.687768
2,-1,0.000000,0.000000,0.000000,2941163747.171870
2,-3,0.000000,-0.000000,0.000000,2941171006.566197
2,-2,-0.000000,0.000000,-0.000000,2941176255.289491
2,1,0.000000,-0.000000,-0.000000,2941193692.954164
2,-1,0.000000,0.000000,-0.000000,2941194228.201427
2,3,0.000000,-0.000000,-0.000000,2941214922.676687
2,0,-0.000000,-0.000000,-0.000000,2941222001.182519
2,-1,-0.000000,0.000000,0.000000,2941236519.948966
2,-2,-0.000000,0.000000,-0.000000,2941238200.215899
2,-4,0.000000,-0.000000,0.000000,2941252678.973677
2,-2,0.000000,-0.000000,0.000000,2941253704.633817
2,0,0.000000,-0.000000,0.000000,2941257763.872657
2,1,0.000000,-0.000000,0.000000,2941258127.454002
2,-4,-0.000000,-0.000000,0.000000,2941267510.603056
2,-1,-0.000000,0.000000,0.000000,2941271249.707067
2,-3,0.000000,0.000000,0.000000,2941276373.631809
2,-2,-0.000000,-0.000000,0.000000,2941295340.596438
2,-0,0.000000,0.000000,0.000000,2941297774.153732
2,-1,-0.000000,0.000000,0.000000,2941333529.198457
2,2,0.000000,-0.000000,0.000000,2941345172.406015
2,-3,0.000000,-0.000000,-0.000000,2941349138.982494
2,-2,0.000000,0.000000,-0.000000,2941355953.203200
2,-5,0.000000,-0.000000,0.000000,2941357042.508745
2,-1,0.000000,-0.000000,-0.000000,2941373956.359355
2,-0,0.000000,0.000000,-0.000000,2941382386.485924
2,-2,-0.000000,-0.000000,-0.000000,2941393112.416904
2,-1,0.000000,-0.000000,0.000000,2941399365.292127
2,-3,0.000000,0.000000,-0.000000,2941425875.395842
2,-2,-0.000000,-0.000000,0.000000,2941444767.650517
2,-4,-0.000000,-0.000000,-0.000000,2941459514.206676
2,-6,-0.000000,0.000000,0.000000,2941460472.819396
2,1,-0.000000,-0.000000,-0.000000,2941472171.281765
2,-3,0.000000,-0.000000,0.000000,2941476149.569013
2,-2,-0.000000,-0.000000,0.000000,2941489513.220242
2,-2,0.000000,0.000000,0.000000,2941497922.574432
2,-1,-0.000000,0.000000,-0.000000,2941505130.942518
2,-3,0.000000,-0.000000,0.000000,2941514037.272675
2,-4,0.000000,-0.000000,0.000000,2941554720.205495
2,-3,-0.000000,-0.000000,0.000000,2941559830.905925
2,-5,0.000000,-0.000000,0.000000,2941569436.662673
2,0,0.000000,0.000000,-0.000000,2941596584.870482
2,-4,0.000000,0.000000,0.000000,2941598275.826963
2,-3,-0.000000,0.000000,0.000000,2941605874.351958
2,-2,0.000000,0.000000,-0.000000,2941626704.015553
2,-4,0.000000,-0.000000,0.000000,2941633834.493715
2,-5,0.000000,-0.000000,0.000000,2941681467.688823
2,-1,-0.000000,0.000000,-0.000000,2941718850.299399
2,-4,-0.000000,0.000000,0.000000,2941720729.735120
2,-3,-0.000000,-0.000000,-0.000000,2941747351.636511
2,-5,-0.000000,-0.000000,-0.000000,2941752844.177667
2,-6,0.000000,0.000000,-0.000000,2941805727.121392
2,-5,-0.000000,0.000000,0.000000,2941835345.117475
2,-2,-0.000000,-0.000000,-0.000000,2941839269.070212
2,-4,0.000000,-0.000000,0.000000,2941867262.198660
2,-6,0.000000,-0.000000,0.000000,2941873052.167061
2,-7,0.000000,-0.000000,-0.000000,2941927320.450328
2,-3,0.000000,-0.000000,-0.000000,2941958055.019301
3,6,-0.000000,0.000005,-0.000000,5881353197.892291
3,5,-0.000005,0.000000,-0.000000,5881354299.519866
3,4,-0.000000,-0.000000,0.000003,5881363468.631230
3,7,0.000000,-0.000000,-0.000000,5881365852.567766
3,3,0.000000,-0.000000,0.000000,5881380554.410629
3,2,0.000000,-0.000000,-0.000000,5881410347.487700
3,5,0.000002,0.000000,0.000000,5881416629.776600
3,4,-0.000000,0.000000,0.000002,5881418063.322569
3,3,0.000000,-0.000000,-0.000000,5881432488.666205
3,6,0.000000,0.000002,0.000000,5881433493.363541
3,2,0.000000,0.000000,0.000000,5881459410.121354
3,1,-0.000000,0.000000,0.000000,5881464095.124710
3,4,0.000000,0.000000,0.000000,5881484759.222818
3,8,0.000000,-0.000000,-0.000000,5881484955.230540
3,3,-0.000000,0.000000,-0.000000,5881485317.540520
3,2,-0.000000,0.000000,0.000000,5881502863.844170
3,5,-0.000000,-0.000000,0.000000,5881504933.822377
3,1,-0.000000,0.000000,0.000000,5881517882.612305
3,0,-0.000000,0.000000,-0.000000,5881533903.493591
3,7,0.000000,-0.000000,0.000000,5881540076.973244
3,2,0.000000,0.000000,0.000000,5881555737.556239
3,3,0.000000,0.000000,-0.000000,5881556474.599637
3,1,0.000000,0.000000,0.000000,5881561660.470973
3,1,0.000000,-0.000000,0.000000,5881578004.991512
3,4,0.000000,0.000000,0.000000,5881579025.382248
3,-0,-0.000000,-0.000000,-0.000000,5881590296.259537
3,6,-0.000000,0.000001,-0.000000,5881601045.833275
3,-1,-0.000000,-0.000000,0.000000,5881611769.573497
3,7,-0.000000,0.000000,0.000000,5881615804.776894
3,1,-0.000000,0.000000,0.000000,5881629137.318426
3,2,0.000000,0.000000,0.000000,5881631067.516867
3,0,0.000000,-0.000000,0.000000,5881637830.427084
3,6,-0.000000,0.000009,-0.000000,5881641037.355640
3,2,-0.000000,0.000000,-0.000000,5881643566.263374
3,0,0.000000,0.000000,0.000000,5881651599.968179
3,5,-0.000008,0.000000,-0.000000,5881651753.730921
3,3,0.000000,0.000000,-0.000000,5881654132.613877
3,3,-0.000000,0.000000,0.000000,5881655119.291519
3,4,-0.000000,0.000000,-0.000005,5881656208.985398
3,-1,-0.000000,0.000000,-0.000000,5881667742.433052
3,5,0.000002,-0.000000,0.000000,5881669177.711118
3,6,0.000000,0.000007,0.000000,5881688011.529979
3,-2,0.000000,0.000000,-0.000000,5881693890.285478
3,-0,0.000000,-0.000000,-0.000000,5881705320.995169
3,1,0.000000,-0.000000,0.000000,5881708056.192229
3,5,0.000003,0.000000,0.000000,5881712575.479170
3,1,0.000000,-0.000000,-0.000000,5881712598.688343
3,-1,0.000000,-0.000000,-0.000000,5881718079.518405
3,0,0.000000,-0.000000,-0.000000,5881722520.619812
3,4,-0.000000,-0.000000,0.000001,5881726584.443020
3,2,-0.000000,-0.000000,0.000000,5881732676.835957
3,-1,0.000000,0.000000,0.000000,5881732723.419052
3,2,-0.000000,0.000000,-0.000000,5881732904.924231
3,3,0.000000,-0.000000,-0.000000,5881735187.631066
3,4,0.000000,0.000000,0.000000,5881743628.534028
3,-2,-0.000000,-0.000000,-0.000000,5881746775.098139
3,6,-0.000000,0.000009,-0.000000,5881767728.322580
3,5,0.000000,0.000000,0.000000,5881773890.540653
3,-3,0.000000,0.000000,0.000000,5881778401.977350
3,-1,0.000000,0.000000,0.000000,5881784108.421776
3,-0,0.000000,0.000000,0.000000,5881787109.254880
3,1,0.000000,-0.000000,0.000000,5881793237.413898
3,4,-0.000000,0.000000,0.000000,5881793650.309930
3,-2,-0.000000,0.000000,-0.000000,5881797346.030104
3,-0,0.000000,-0.000000,-0.000000,5881798347.712123
3,5,-0.000005,0.000000,0.000000,5881807511.893392
3,3,0.000000,0.000000,-0.000000,5881807892.928103
3,1,-0.000000,0.000000,-0.000000,5881811573.356089
3,-2,0.000000,-0.000000,0.000000,5881818081.968947
3,2,0.000000,-0.000000,0.000000,5881818285.427606
3,1,-0.000000,-0.000000,0.000000,5881818512.005355
3,3,-0.000000,0.000000,-0.000000,5881821173.286596
3,-3,-0.000000,-0.000000,-0.000000,5881826364.240666
3,-1,0.000000,0.000000,-0.000000,5881840338.679609
3,4,-0.000000,-0.000000,-0.000002,5881844966.002287
3,4,0.000000,0.000000,0.000000,5881861798.108582
3,2,0.000000,-0.000000,-0.000000,5881863601.542200
3,-4,0.000000,-0.000000,-0.000000,5881864100.037968
3,-2,-0.000000,0.000000,-0.000000,5881865313.229104
3,-1,-0.000000,0.000000,0.000000,5881868007.884806
3,3,-0.000000,0.000000,0.000000,5881875462.712296
3,-3,0.000000,0.000000,0.000000,5881877848.771442
3,3,0.000000,0.000000,0.000000,5881880642.217391
3,5,-0.000001,-0.000000,0.000000,5881884516.226043
3,-1,0.000000,0.000000,-0.000000,5881888823.037998
3,0,-0.000000,-0.000000,-0.000000,5881891322.800732
3,2,-0.000000,0.000000,-0.000000,5881893941.263868
3,0,-0.000000,-0.000000,0.000000,5881900179.123676
3,2,-0.000000,0.000000,0.000000,5881901628.788432
3,-3,0.000000,0.000000,-0.000000,5881904965.209255
3,-4,-0.000000,-0.000000,-0.000000,5881906176.867704
3,1,-0.000000,0.000000,-0.000000,5881906505.363637
3,-0,-0.000000,-0.000000,0.000000,5881911903.090363
3,4,0.000000,0.000000,-0.000001,5881921025.858707
3,2,-0.000000,0.000000,-0.000000,5881935927.885368
3,3,0.000000,0.000000,0.000000,5881940506.549335
3,1,-0.000000,-0.000000,0.000000,5881948577.628139
3,3,0.000000,0.000000,0.000000,5881949520.713343
3,-5,0.000000,0.000000,-0.000000,5881949989.601180
3,-2,0.000000,0.000000,0.000000,5881952315.289253
3,2,0.000000,0.000000,-0.000000,5881969072.367976
3,1,-0.000000,-0.000000,-0.000000,5881977832.530995
3,-2,-0.000000,-0.000000,0.000000,5881981592.376534
3,1,-0.000000,-0.000000,-0.000000,5881989175.331033
3,-4,-0.000000,-0.000000,-0.000000,5881992405.801189
3,4,0.000000,-0.000000,-0.000001,5881993341.677649
3,-1,0.000000,0.000000,-0.000000,5881996294.660628
3,3,-0.000000,0.000000,0.000000,5881997019.895201
3,0,0.000000,0.000000,-0.000000,5881998427.927339
3,2,0.000000,0.000000,0.000000,5882012810.919306
3,1,-0.000000,0.000000,0.000000,5882014300.334127
3,-1,-0.000000,0.000000,-0.000000,5882015782.220288
3,-0,0.000000,0.000000,-0.000000,5882017629.224930
3,2,0.000000,0.000000,-0.000000,5882036033.597631
3,3,-0.000000,0.000000,-0.000000,5882036201.187984
3,4,0.000000,-0.000000,0.000002,5882044105.295863
3,1,-0.000000,-0.000000,-0.000000,5882048434.966963
3,2,0.000000,0.000000,-0.000000,5882050787.882310
3,-1,-0.000000,-0.000000,-0.000000,5882052813.446637
3,1,0.000000,0.000000,0.000000,5882059954.411004
3,-3,-0.000000,-0.000000,-0.000000,5882060901.478580
3,0,0.000000,0.000000,-0.000000,5882063433.885747
3,-3,-0.000000,-0.000000,-0.000000,5882075557.838915
3,-5,-0.000000,0.000000,-0.000000,5882080104.395700
3,-0,-0.000000,-0.000000,-0.000000,5882083037.544557
3,-2,-0.000000,-0.000000,0.000000,5882091645.000902
3,-1,0.000000,-0.000000,0.000000,5882093268.950582
3,5,0.000003,-0.000000,-0.000000,5882094163.806488
3,3,-0.000000,0.000000,0.000000,5882100091.773839
3,2,0.000000,0.000000,-0.000000,5882116214.210743
3,1,-0.000000,0.000000,0.000000,5882121103.274510
3,-2,0.000000,0.000000,0.000000,5882123569.705232
3,1,0.000000,0.000000,-0.000000,5882134996.740595
3,0,-0.000000,-0.000000,0.000000,5882140730.835193
3,-1,0.000000,0.000000,0.000000,5882144260.675163
3,0,0.000000,0.000000,-0.000000,5882153359.548767
3,2,-0.000000,-0.000000,0.000000,5882154344.352088
3,1,-0.000000,0.000000,0.000000,5882164731.373035
3,0,-0.000000,-0.000000,-0.000000,5882166224.586501
3,-4,0.000000,0.000000,-0.000000,5882166707.276623
3,-6,-0.000000,-0.000000,-0.000000,5882167951.458582
3,-4,-0.000000,0.000000,-0.000000,5882170563.070603
3,3,0.000000,0.000000,-0.000000,5882176516.588857
3,-1,0.000000,0.000000,0.000000,5882180036.322246
3,-1,0.000000,-0.000000,0.000000,5882183311.712718
3,-3,0.000000,0.000000,0.000000,5882188411.321719
3,-2,-0.000000,-0.000000,-0.000000,5882190319.423749
3,-2,-0.000000,-0.000000,-0.000000,5882190552.145152
3,0,-0.000000,-0.000000,0.000000,5882203448.716181
3,2,-0.000000,0.000000,0.000000,5882204652.112000
3,1,-0.000000,0.000000,0.000000,5882228404.693855
3,4,-0.000000,-0.000000,-0.000000,5882230583.608022
3,-3,-0.000000,-0.000000,-0.000000,5882231355.284389
3,-0,-0.000000,0.000000,-0.000000,5882250952.701391
3,-1,-0.000000,-0.000000,-0.000000,5882253767.823933
3,-1,0.000000,-0.000000,0.000000,5882260496.276373
3,-5,-0.000000,0.000000,-0.000000,5882264210.650306
3,-2,-0.000000,0.000000,-0.000000,5882264619.651513
3,-5,0.000000,-0.000000,0.000000,5882272381.607177
3,1,0.000000,0.000000,0.000000,5882274224.982732
3,-2,0.000000,-0.000000,-0.000000,5882279702.036051
3,-0,0.000000,0.000000,-0.000000,5882280955.322027
3,-4,0.000000,-0.000000,0.000000,5882286524.549554
3,-1,-0.000000,0.000000,-0.000000,5882286840.622335
3,-3,-0.000000,0.000000,0.000000,5882289813.248267
3,2,0.000000,0.000000,-0.000000,5882305192.505775
3,-2,0.000000,-0.000000,0.000000,5882305710.340785
3,1,0.000000,0.000000,-0.000000,5882307039.215760
3,-3,-0.000000,-0.000000,-0.000000,5882325200.650603
3,-0,-0.000000,0.000000,-0.000000,5882337548.754832
3,-4,0.000000,-0.000000,-0.000000,5882338840.099721
3,3,-0.000000,-0.000000,-0.000000,5882362234.191798
3,-1,-0.000000,0.000000,-0.000000,5882365088.275042
3,-6,0.000000,-0.000000,0.000000,5882375553.383415
3,-2,-0.000000,0.000000,-0.000000,5882378967.146415
3,-3,-0.000000,-0.000000,-0.000000,5882381541.204975
3,-0,-0.000000,0.000000,-0.000000,5882393628.674835
3,-1,0.000000,-0.000000,0.000000,5882397579.814116
3,-2,0.000000,-0.000000,0.000000,5882407347.030390
3,0,0.000000,0.000000,0.000000,5882407552.285527
3,-3,-0.000000,-0.000000,-0.000000,5882428956.045690
3,1,-0.000000,0.000000,-0.000000,5882431277.868704
3,-1,0.000000,0.000000,-0.000000,5882445599.592621
3,-5,0.000000,0.000000,0.000000,5882445988.808815
3,-4,-0.000000,0.000000,-0.000000,5882457518.242342
3,-7,0.000000,-0.000000,-0.000000,5882477750.869144
3,-2,0.000000,-0.000000,0.000000,5882479808.043354
3,2,-0.000000,0.000000,-0.000000,5882490259.319460
3,-4,0.000000,-0.000000,0.000000,5882496607.824273
3,-3,0.000000,-0.000000,0.000000,5882498367.368590
3,-1,-0.000000,-0.000000,-0.000000,5882500948.027999
3,-2,-0.000000,0.000000,-0.000000,5882513757.456434
3,-1,-0.000000,0.000000,0.000000,5882516436.987067
3,-3,0.000000,0.000000,0.000000,5882526738.819299
3,-4,-0.000000,0.000000,0.000000,5882551925.737317
3,-6,0.000000,0.000000,0.000000,5882552805.256920
3,-2,0.000000,0.000000,0.000000,5882554806.635577
3,0,0.000000,0.000000,-0.000000,5882555416.328562
3,-5,0.000000,0.000000,0.000000,5882587272.299858
3,-3,-0.000000,0.000000,-0.000000,5882597080.340189
3,-5,0.000000,-0.000000,0.000000,5882610503.594510
3,1,-0.000000,0.000000,0.000000,5882615361.468006
3,-4,-0.000000,0.000000,-0.000000,5882619481.351833
3,-3,-0.000000,0.000000,-0.000000,5882629293.676423
3,-2,-0.000000,0.000000,0.000000,5882635089.148324
3,-4,-0.000000,0.000000,0.000000,5882644978.499803
3,-5,0.000000,0.000000,-0.000000,5882674388.201077
3,-1,0.000000,0.000000,-0.000000,5882678025.420115
3,-6,0.000000,0.000000,0.000000,5882714295.278435
3,-0,0.000000,-0.000000,0.000000,5882738002.656561
3,-4,-0.000000,0.000000,0.000000,5882744164.591626
3,-3,0.000000,0.000000,0.000000,5882753997.539780
3,-5,-0.000000,0.000000,0.000000,5882762508.937703
3,-6,-0.000000,0.000000,0.000000,5882796440.440862
3,-2,-0.000000,-0.000000,-0.000000,5882799403.974862
3,-7,0.000000,-0.000000,-0.000000,5882838298.038917
3,-1,-0.000000,-0.000000,0.000000,5882858498.745242
3,-5,0.000000,0.000000,0.000000,5882858751.417044
3,-4,0.000000,0.000000,0.000000,5882872688.994235
3,-6,0.000000,0.000000,0.000000,5882881031.292391
3,-7,-0.000000,0.000000,0.000000,5882918254.120669
3,-3,-0.000000,0.000000,0.000000,5882919784.262389
3,-8,0.000000,0.000000,0.000000,5882959407.235744
3,-2,-0.000000,-0.000000,0.000000,5882977068.468801
